game_id,team,pts,2ptm,2pta,2pt_pct,3ptm,3pta,3pt_pct,fgm,fga,fg_pct,ftm,fta,ft_pct,def,off,reb,pf,pfa,stl,to,ast,blk,blka,rate,second_chance_pts,bench_pts,fast_break_pts,points_in_paint,pts_off_turnovers
741605,אליצור יבנה,87,26,48,54.2,4,20,20.0,30,68,44.1,23,34,67.6,36,13,49,20,26,7,11,23,7,1,118,10,9,20,48,13
741605,מכבי חיפה גיא נתן,76,20,49,40.8,6,29,20.7,26,78,33.3,18,24,75.0,31,19,50,26,20,4,10,21,1,7,71,19,36,14,32,11
741602,הפועל נווה שאנן חיפה,79,11,29,37.9,12,42,28.6,23,71,32.4,21,27,77.8,24,17,41,20,22,14,9,16,0,3,85,15,13,14,18,21
741602,אליצור שומרון,74,22,34,64.7,7,19,36.8,29,53,54.7,9,16,56.2,32,5,37,23,19,4,18,15,3,0,79,4,18,15,36,7
741606,מכבי אשדוד,92,29,43,67.4,9,27,33.3,38,70,54.3,7,10,70.0,26,13,39,19,18,7,15,24,4,1,114,17,10,14,56,17
741606,א.ס. עירוני אשקלון,88,19,51,37.3,12,28,42.9,31,79,39.2,14,17,82.4,21,22,43,18,19,7,12,17,1,4,90,20,34,12,34,20
741607,הפועל מגדל העמק/יזרעאל,90,20,39,51.3,12,27,44.4,32,66,48.5,14,21,66.7,28,8,36,20,18,7,11,25,2,1,105,11,30,18,36,18
741607,מ.ס צפת,80,19,36,52.8,10,29,34.5,29,65,44.6,12,17,70.6,28,9,37,18,20,2,15,25,1,2,89,12,18,13,38,10
741601,מ.כ עוטף דרום,94,20,33,60.6,7,25,28.0,27,58,46.6,33,43,76.7,28,9,37,22,30,11,15,24,2,1,119,8,25,27,40,18
741601,מכבי קרית גת,87,23,47,48.9,9,23,39.1,32,70,45.7,14,17,82.4,27,11,38,30,22,7,18,14,1,2,78,14,17,17,42,10
741608,עירוני נהריה,95,28,44,63.6,9,25,36.0,37,69,53.6,12,17,70.6,31,12,43,18,18,10,10,25,4,3,127,18,31,26,48,17
741608,מ.כ עוטף דרום,70,12,37,32.4,11,28,39.3,23,65,35.4,13,15,86.7,23,10,33,18,18,6,13,19,3,4,70,13,31,5,20,7
741687,מכבי רחובות,86,24,45,53.3,8,26,30.8,32,71,45.1,14,21,66.7,28,16,44,21,23,8,12,24,1,4,103,21,35,8,38,10
741687,אליצור שומרון,77,21,45,46.7,9,21,42.9,30,66,45.5,8,18,44.4,23,11,34,24,21,7,13,18,4,1,76,15,33,13,38,13
741610,מכבי חיפה גיא נתן,77,16,31,51.6,10,30,33.3,26,61,42.6,15,18,83.3,34,11,45,27,19,4,21,19,0,1,76,9,31,9,30,9
741610,מכבי אשדוד,89,17,41,41.5,10,23,43.5,27,64,42.2,25,44,56.8,25,13,38,19,26,15,9,15,1,0,100,13,26,12,30,14
741609,א.ס. עירוני אשקלון,108,32,50,64.0,9,22,40.9,41,72,56.9,17,19,89.5,26,11,37,18,22,10,17,25,1,3,131,15,30,23,52,19
741609,הפועל מגדל העמק/יזרעאל,98,30,52,57.7,8,29,27.6,38,81,46.9,14,20,70.0,20,19,39,22,17,11,16,28,3,1,108,20,43,23,56,27
741614,מכבי קרית גת,88,22,50,44.0,8,21,38.1,30,71,42.3,20,25,80.0,40,13,53,21,20,9,18,21,4,5,105,11,28,27,42,13
741614,הפועל נווה שאנן חיפה,61,19,46,41.3,4,30,13.3,23,76,30.3,11,18,61.1,26,14,40,20,21,9,16,17,5,4,53,14,4,19,34,16
741615,"א.ס רמה""ש ירק השדה",89,29,45,64.4,6,24,25.0,35,69,50.7,13,19,68.4,25,10,35,15,20,12,10,27,0,0,118,9,15,21,48,26
741615,מ.ס צפת,69,16,38,42.1,10,28,35.7,26,66,39.4,7,10,70.0,26,15,41,20,15,6,21,14,0,0,61,15,16,9,24,13
741611,"מכבי פ""ת",93,19,36,52.8,15,32,46.9,34,68,50.0,10,17,58.8,28,10,38,27,20,11,20,21,4,6,93,11,13,11,34,16
741611,אליצור יבנה,91,27,46,58.7,8,22,36.4,35,68,51.5,13,28,46.4,24,14,38,21,27,14,18,18,6,4,102,16,11,17,52,19
741619,הפועל אסטרל אילת,83,19,44,43.2,9,22,40.9,28,66,42.4,18,21,85.7,30,10,40,21,21,8,8,17,1,1,99,12,15,11,36,20
741619,אליצור שומרון,71,14,33,42.4,9,25,36.0,23,58,39.7,16,20,80.0,29,6,35,21,21,2,14,12,1,1,67,6,25,7,26,2
741620,אליצור יבנה,86,23,45,51.1,9,28,32.1,32,73,43.8,13,20,65.0,25,9,34,28,19,11,16,22,2,5,77,7,13,24,38,17
741620,מכבי רחובות,89,24,52,46.2,7,25,28.0,31,77,40.3,20,32,62.5,34,23,57,19,28,8,20,25,5,2,113,12,28,22,46,24
741621,מכבי אשדוד,94,21,40,52.5,11,34,32.4,32,74,43.2,19,23,82.6,30,12,42,19,20,13,13,26,2,4,115,8,28,34,34,29
741621,"מכבי פ""ת",75,20,38,52.6,8,26,30.8,28,64,43.8,11,15,73.3,31,9,40,20,19,6,20,24,4,2,86,6,23,17,32,20
741623,מ.ס צפת,89,22,35,62.9,11,27,40.7,33,62,53.2,12,20,60.0,22,8,30,23,17,7,14,21,2,1,90,7,12,13,38,23
741623,א.ס. עירוני אשקלון,94,28,54,51.9,6,14,42.9,34,68,50.0,20,23,87.0,26,13,39,17,22,6,13,19,1,2,112,19,23,5,48,16
741616,מ.כ עוטף דרום,87,20,39,51.3,7,28,25.0,27,67,40.3,26,36,72.2,23,8,31,23,26,9,4,21,1,3,95,4,19,24,28,22
741616,"א.ס רמה""ש ירק השדה",74,18,34,52.9,6,21,28.6,24,55,43.6,20,26,76.9,35,8,43,26,23,2,18,22,3,1,85,10,15,16,28,4
741622,הפועל מגדל העמק/יזרעאל,87,19,39,48.7,9,28,32.1,28,67,41.8,22,24,91.7,32,13,45,25,23,10,19,21,4,2,103,13,34,23,36,12
741622,מכבי חיפה גיא נתן,79,23,51,45.1,5,19,26.3,28,70,40.0,18,25,72.0,26,14,40,23,25,8,16,20,2,4,82,10,9,23,26,20
741617,הפועל נווה שאנן חיפה,82,10,23,43.5,16,39,41.0,26,62,41.9,14,17,82.4,27,7,34,24,18,10,16,19,2,1,85,8,11,7,20,20
741617,עירוני נהריה,77,20,36,55.6,6,20,30.0,26,56,46.4,19,26,73.1,29,8,37,18,24,8,18,12,1,2,84,12,30,12,30,10
741630,מכבי קרית גת,81,17,29,58.6,10,32,31.2,27,61,44.3,17,23,73.9,27,6,33,21,21,3,12,18,3,4,82,8,23,10,22,6
741630,הפועל אסטרל אילת,99,30,48,62.5,9,30,30.0,39,78,50.0,12,17,70.6,28,13,41,22,21,10,6,22,4,3,121,14,17,14,56,17
741628,מכבי רחובות,92,31,43,72.1,4,17,23.5,35,60,58.3,18,23,78.3,27,8,35,21,22,9,15,25,0,3,114,11,23,22,56,17
741628,מכבי אשדוד,77,19,34,55.9,7,31,22.6,26,65,40.0,18,23,78.3,18,11,29,22,21,5,12,16,3,0,73,16,26,14,32,10
741624,עירוני נהריה,98,23,48,47.9,14,29,48.3,37,77,48.1,10,16,62.5,30,14,44,18,21,9,11,21,4,0,122,9,43,8,36,23
741624,מכבי מעלה אדומים,78,24,41,58.5,6,24,25.0,30,65,46.2,12,15,80.0,27,6,33,21,18,6,16,17,0,4,73,11,28,15,46,12
741631,"א.ס רמה""ש ירק השדה",103,22,32,68.8,11,25,44.0,33,57,57.9,26,29,89.7,22,8,30,19,22,3,14,18,1,1,116,14,20,20,36,12
741631,א.ס. עירוני אשקלון,108,27,44,61.4,14,27,51.9,41,71,57.7,12,16,75.0,18,10,28,22,19,8,6,27,1,1,128,12,38,16,38,16
741625,מ.כ עוטף דרום,76,26,52,50.0,2,19,10.5,28,71,39.4,18,20,90.0,22,19,41,20,22,5,12,18,4,3,86,19,17,19,50,16
741625,הפועל נווה שאנן חיפה,84,18,34,52.9,10,24,41.7,28,58,48.3,18,22,81.8,24,9,33,22,20,7,16,26,3,4,97,7,8,12,36,12
741627,"מכבי פ""ת",77,20,37,54.1,9,30,30.0,29,67,43.3,10,15,66.7,27,6,33,24,22,7,16,21,1,5,73,7,31,15,38,16
741627,הפועל מגדל העמק/יזרעאל,82,21,39,53.8,6,26,23.1,27,65,41.5,22,31,71.0,32,13,45,22,24,7,18,19,5,1,94,9,37,20,34,15
741600,עירוני נהריה,78,23,51,45.1,6,26,23.1,29,77,37.7,14,21,66.7,28,15,43,22,21,6,9,18,3,4,77,16,22,14,38,19
741600,"א.ס רמה""ש ירק השדה",86,19,41,46.3,10,27,37.0,29,68,42.6,18,20,90.0,34,10,44,21,20,5,14,20,4,3,100,11,27,25,34,8
741629,אליצור שומרון,94,23,56,41.1,7,35,20.0,30,91,33.0,27,35,77.1,39,16,55,27,24,10,13,22,4,5,95,17,30,24,32,14
741629,אליצור יבנה,100,28,63,44.4,7,21,33.3,35,84,41.7,23,30,76.7,48,12,60,24,27,9,19,14,5,4,112,7,22,23,50,8
741626,מכבי חיפה גיא נתן,65,19,44,43.2,2,17,11.8,21,61,34.4,21,28,75.0,18,14,32,20,25,6,14,13,0,2,58,15,16,9,28,14
741626,מ.ס צפת,80,25,40,62.5,6,21,28.6,31,61,50.8,12,15,80.0,28,10,38,25,20,5,16,18,2,0,89,6,11,11,30,14
741637,הפועל מגדל העמק/יזרעאל,90,16,41,39.0,10,28,35.7,26,69,37.7,28,39,71.8,31,11,42,25,27,9,15,20,9,2,101,10,27,24,26,18
741637,מכבי רחובות,88,24,47,51.1,8,33,24.2,32,80,40.0,16,27,59.3,35,21,56,27,25,10,19,26,2,9,93,22,24,19,38,18
741639,א.ס. עירוני אשקלון,91,25,55,45.5,10,26,38.5,35,81,43.2,11,20,55.0,30,12,42,25,23,10,16,18,8,1,95,5,35,16,42,26
741639,מכבי חיפה גיא נתן,90,19,46,41.3,10,27,37.0,29,73,39.7,22,28,78.6,36,15,51,23,25,8,24,22,1,8,92,8,20,25,32,16
741633,מכבי מעלה אדומים,83,23,45,51.1,9,26,34.6,32,71,45.1,10,13,76.9,21,13,34,20,16,11,15,17,0,3,81,17,28,6,36,19
741633,מ.כ עוטף דרום,85,20,34,58.8,7,23,30.4,27,57,47.4,24,30,80.0,25,9,34,16,20,9,16,20,3,0,103,7,43,14,32,19
741635,אליצור יבנה,100,26,54,48.1,10,22,45.5,36,76,47.4,18,27,66.7,42,10,52,18,24,11,9,26,7,7,137,13,32,40,50,19
741635,מכבי קרית גת,72,17,47,36.2,8,32,25.0,25,79,31.6,14,21,66.7,32,15,47,24,18,3,16,18,7,7,57,16,26,23,28,5
741638,מ.ס צפת,76,17,33,51.5,9,34,26.5,26,67,38.8,15,23,65.2,22,18,40,23,21,5,19,14,1,4,61,19,23,0,26,10
741638,"מכבי פ""ת",97,22,34,64.7,11,31,35.5,33,65,50.8,20,30,66.7,24,14,38,23,22,7,12,23,4,1,111,12,14,25,34,20
741636,מכבי אשדוד,112,28,44,63.6,15,38,39.5,43,82,52.4,11,14,78.6,34,13,47,25,15,9,10,28,4,3,135,12,35,27,42,15
741636,אליצור שומרון,79,16,43,37.2,9,22,40.9,25,65,38.5,20,28,71.4,26,7,33,16,25,6,14,21,3,4,84,3,22,20,24,11
741634,הפועל אסטרל אילת,84,23,41,56.1,9,23,39.1,32,64,50.0,11,14,78.6,21,11,32,19,18,5,13,17,1,1,88,12,23,13,38,22
741634,עירוני נהריה,78,20,37,54.1,10,23,43.5,30,60,50.0,8,13,61.5,23,11,34,18,18,6,16,21,1,1,88,10,33,3,30,15
741618,מכבי מעלה אדומים,81,20,37,54.1,12,31,38.7,32,68,47.1,5,11,45.5,30,8,38,15,16,16,15,25,1,3,102,5,24,24,36,20
741618,מכבי קרית גת,66,20,41,48.8,6,24,25.0,26,65,40.0,8,11,72.7,30,10,40,16,15,7,21,16,3,1,67,9,20,11,36,15
741632,הפועל נווה שאנן חיפה,93,24,45,53.3,10,26,38.5,34,71,47.9,15,23,65.2,30,14,44,21,22,7,13,20,2,1,108,19,19,12,42,16
741632,"א.ס רמה""ש ירק השדה",77,25,38,65.8,4,28,14.3,29,66,43.9,15,21,71.4,27,10,37,22,21,8,18,16,1,2,75,14,22,24,48,13
741645,אליצור שומרון,84,23,50,46.0,9,23,39.1,32,73,43.8,11,21,52.4,31,17,48,18,24,8,18,19,5,5,96,14,19,19,42,9
741645,הפועל מגדל העמק/יזרעאל,77,23,42,54.8,4,31,12.9,27,73,37.0,19,27,70.4,28,16,44,24,18,6,13,19,5,5,73,15,17,18,40,17
741644,מכבי רחובות,101,21,44,47.7,15,28,53.6,36,72,50.0,14,22,63.6,34,14,48,17,18,8,12,25,1,4,124,8,41,24,42,17
741644,מ.ס צפת,70,16,36,44.4,8,30,26.7,24,66,36.4,14,16,87.5,25,9,34,18,17,9,15,15,4,1,71,7,21,19,26,15
741640,עירוני נהריה,98,26,47,55.3,10,23,43.5,36,70,51.4,16,18,88.9,36,11,47,17,18,6,18,24,1,5,118,20,25,16,44,11
741640,אליצור יבנה,84,23,46,50.0,10,26,38.5,33,72,45.8,8,15,53.3,25,7,32,18,17,10,11,22,5,1,94,10,13,9,42,17
741642,הפועל נווה שאנן חיפה,93,23,36,63.9,9,27,33.3,32,63,50.8,20,23,87.0,33,7,40,21,22,4,14,27,1,3,114,6,13,6,38,16
741642,מכבי מעלה אדומים,83,26,42,61.9,5,25,20.0,31,67,46.3,16,24,66.7,25,8,33,23,20,8,11,23,3,1,90,7,17,19,46,12
741643,"מכבי פ""ת",57,12,29,41.4,7,29,24.1,19,58,32.8,12,17,70.6,29,10,39,27,19,14,25,12,2,3,44,5,7,14,22,11
741643,א.ס. עירוני אשקלון,73,25,40,62.5,1,17,5.9,26,57,45.6,20,28,71.4,30,6,36,19,27,11,19,17,3,2,88,4,20,20,38,28
741647,"א.ס רמה""ש ירק השדה",85,21,37,56.8,8,27,29.6,29,64,45.3,19,23,82.6,29,8,37,16,20,6,9,21,0,1,104,12,14,21,36,15
741647,מכבי חיפה גיא נתן,81,20,40,50.0,11,31,35.5,31,71,43.7,8,12,66.7,28,12,40,20,16,7,13,18,1,0,86,12,32,12,36,7
741646,מכבי קרית גת,79,19,31,61.3,9,32,28.1,28,63,44.4,14,18,77.8,19,5,24,20,21,11,16,22,1,0,83,2,21,21,26,16
741646,מכבי אשדוד,109,25,40,62.5,13,31,41.9,38,71,53.5,20,25,80.0,32,16,48,21,20,6,20,34,0,1,137,11,38,31,48,21
741641,מ.כ עוטף דרום,74,15,40,37.5,10,26,38.5,25,66,37.9,14,19,73.7,29,13,42,19,20,10,16,15,0,4,76,12,15,11,26,11
741641,הפועל אסטרל אילת,82,26,44,59.1,7,28,25.0,33,72,45.8,9,14,64.3,30,13,43,20,19,12,13,21,4,0,104,18,22,17,50,12
741654,א.ס. עירוני אשקלון,75,18,28,64.3,9,31,29.0,27,59,45.8,12,15,80.0,23,11,34,19,22,6,22,18,3,2,80,19,28,24,32,18
741654,מכבי רחובות,82,27,48,56.2,7,27,25.9,34,75,45.3,7,12,58.3,21,19,40,22,19,13,16,16,2,3,85,16,39,25,50,19
741649,הפועל אסטרל אילת,87,25,42,59.5,10,28,35.7,35,70,50.0,7,13,53.8,25,13,38,17,17,8,11,21,1,3,100,12,10,6,46,13
741649,הפועל נווה שאנן חיפה,91,17,35,48.6,15,35,42.9,32,70,45.7,12,19,63.2,23,16,39,17,17,8,11,23,3,1,107,11,12,9,30,19
741655,מכבי חיפה גיא נתן,70,17,32,53.1,8,28,28.6,25,60,41.7,12,14,85.7,26,8,34,23,17,6,19,21,4,2,71,8,15,16,24,10
741655,"מכבי פ""ת",85,21,40,52.5,9,28,32.1,30,68,44.1,16,25,64.0,27,13,40,17,23,10,13,22,2,4,101,19,24,18,32,24
741652,הפועל מגדל העמק/יזרעאל,79,18,38,47.4,10,30,33.3,28,68,41.2,13,20,65.0,37,18,55,21,19,4,22,25,6,0,98,9,38,19,32,9
741652,מכבי קרית גת,87,21,48,43.8,10,28,35.7,31,76,40.8,15,23,65.2,25,11,36,19,21,13,8,18,0,6,89,13,11,22,36,26
741651,מכבי אשדוד,81,26,44,59.1,6,32,18.8,32,76,42.1,11,19,57.9,26,19,45,20,21,0,12,15,2,0,80,23,6,17,48,4
741651,עירוני נהריה,91,24,43,55.8,10,30,33.3,34,73,46.6,13,19,68.4,29,13,42,21,20,10,6,19,0,2,108,13,39,25,42,14
741650,אליצור יבנה,82,23,45,51.1,8,22,36.4,31,67,46.3,12,20,60.0,25,9,34,23,21,6,17,19,2,4,76,4,12,24,46,18
741650,מ.כ עוטף דרום,96,16,30,53.3,15,33,45.5,31,63,49.2,19,26,73.1,31,8,39,21,23,12,16,27,4,2,123,7,27,21,26,26
741648,מכבי מעלה אדומים,64,22,44,50.0,4,26,15.4,26,70,37.1,8,11,72.7,29,8,37,22,15,7,13,12,5,1,57,5,30,18,40,4
741648,"א.ס רמה""ש ירק השדה",92,24,49,49.0,8,26,30.8,32,75,42.7,20,26,76.9,38,15,53,15,22,6,11,24,1,5,118,18,26,15,38,10
741653,מ.ס צפת,98,25,41,61.0,13,33,39.4,38,74,51.4,9,12,75.0,26,10,36,31,16,9,19,22,4,2,94,6,13,22,44,12
741653,אליצור שומרון,101,24,45,53.3,9,23,39.1,33,68,48.5,26,33,78.8,28,11,39,16,31,10,13,15,2,4,123,11,19,20,42,18
741603,מכבי מעלה אדומים,61,17,49,34.7,6,23,26.1,23,72,31.9,9,21,42.9,30,17,47,23,20,10,16,15,4,7,49,16,18,12,34,12
741603,מכבי רחובות,80,23,47,48.9,7,25,28.0,30,72,41.7,13,24,54.2,35,16,51,20,21,8,16,19,7,4,93,12,37,7,42,18
741604,הפועל אסטרל אילת,104,31,46,67.4,7,20,35.0,38,66,57.6,21,26,80.8,23,7,30,22,18,10,11,22,2,0,120,12,22,16,56,29
741604,"מכבי פ""ת",89,19,33,57.6,12,27,44.4,31,60,51.7,15,17,88.2,22,4,26,18,22,5,17,17,0,2,91,4,9,7,34,9
741662,מכבי קרית גת,88,10,31,32.3,18,41,43.9,28,72,38.9,14,21,66.7,33,10,43,24,22,4,9,19,2,2,92,6,8,13,16,14
741662,מ.ס צפת,74,19,37,51.4,6,27,22.2,25,64,39.1,18,27,66.7,35,11,46,22,24,5,12,28,2,2,95,9,13,16,32,10
741658,הפועל נווה שאנן חיפה,104,19,29,65.5,12,38,31.6,31,67,46.3,30,36,83.3,19,12,31,18,25,12,14,27,0,3,122,18,19,18,36,36
741658,אליצור יבנה,103,28,46,60.9,12,24,50.0,40,70,57.1,11,17,64.7,26,13,39,25,18,11,20,27,3,0,120,19,27,15,44,14
741661,אליצור שומרון,85,20,46,43.5,10,27,37.0,30,73,41.1,15,27,55.6,22,16,38,16,23,10,4,18,2,3,98,19,20,14,36,19
741661,א.ס. עירוני אשקלון,80,20,40,50.0,10,30,33.3,30,70,42.9,10,14,71.4,32,18,50,23,16,2,15,21,3,2,88,15,40,4,40,5
741663,"א.ס רמה""ש ירק השדה",89,20,39,51.3,11,31,35.5,31,70,44.3,16,20,80.0,31,13,44,21,19,10,18,23,0,0,103,15,19,21,32,19
741663,"מכבי פ""ת",81,19,37,51.4,11,32,34.4,30,69,43.5,10,15,66.7,26,9,35,19,21,12,16,21,0,0,91,10,13,16,30,13
741656,עירוני נהריה,101,22,40,55.0,14,36,38.9,36,76,47.4,15,17,88.2,29,12,41,17,19,9,12,31,3,1,132,16,25,11,38,22
741656,הפועל מגדל העמק/יזרעאל,88,23,46,50.0,11,29,37.9,34,75,45.3,9,15,60.0,26,16,42,19,17,9,17,22,1,3,93,8,29,26,46,9
741660,מכבי רחובות,95,25,51,49.0,7,18,38.9,32,69,46.4,24,30,80.0,27,13,40,18,23,9,11,24,1,3,116,20,39,23,48,27
741660,מכבי גיא נתן חיפה,74,17,29,58.6,9,28,32.1,26,57,45.6,13,17,76.5,28,6,34,23,17,5,21,22,3,1,75,12,17,16,24,9
741659,מכבי מעלה אדומים,62,16,44,36.4,6,20,30.0,22,64,34.4,12,21,57.1,17,10,27,16,18,5,11,14,2,3,47,6,19,5,28,5
741659,הפועל אסטרל אילת,103,26,45,57.8,13,28,46.4,39,73,53.4,12,15,80.0,33,15,48,19,16,8,10,27,3,2,136,13,51,22,44,15
741657,מ.כ עוטף דרום,83,17,32,53.1,11,32,34.4,28,64,43.8,16,21,76.2,28,6,34,20,19,8,11,21,1,2,92,9,22,17,30,20
741657,מכבי אשדוד,80,17,41,41.5,13,36,36.1,30,77,39.0,7,13,53.8,32,19,51,19,20,5,16,17,2,1,86,20,17,11,30,8
741674,הפועל נווה שאנן חיפה,88,18,32,56.2,11,35,31.4,29,67,43.3,19,25,76.0,27,13,40,17,22,9,12,23,6,1,114,9,15,25,34,20
741674,הפועל מגדל העמק/יזרעאל,80,21,56,37.5,10,28,35.7,31,84,36.9,8,9,88.9,30,24,54,23,17,8,17,17,1,6,76,28,30,27,42,12
741670,מכבי גיא נתן חיפה,82,19,38,50.0,8,26,30.8,27,64,42.2,20,25,80.0,19,8,27,22,22,12,11,19,1,1,87,13,14,4,20,35
741670,אליצור שומרון,85,22,35,62.9,7,19,36.8,29,54,53.7,20,22,90.9,28,7,35,23,22,5,21,15,1,1,90,10,26,17,34,9
741669,א.ס. עירוני אשקלון,86,21,41,51.2,9,26,34.6,30,67,44.8,17,21,81.0,30,9,39,21,19,5,10,17,2,3,93,17,31,20,42,12
741669,מכבי קרית גת,82,15,30,50.0,13,32,40.6,28,62,45.2,13,22,59.1,30,8,38,19,21,2,14,17,3,2,85,8,3,5,28,16
741664,הפועל אסטרל אילת,83,24,43,55.8,7,19,36.8,31,62,50.0,14,19,73.7,21,8,29,19,20,9,10,22,4,1,101,7,32,15,44,27
741664,"א.ס רמה""ש ירק השדה",72,19,37,51.4,7,21,33.3,26,58,44.8,13,15,86.7,26,10,36,20,19,5,17,16,1,4,74,6,13,14,32,21
741665,אליצור יבנה,82,17,34,50.0,10,27,37.0,27,61,44.3,18,28,64.3,31,9,40,18,22,9,15,23,0,0,99,8,36,18,32,13
741665,מכבי מעלה אדומים,76,21,39,53.8,7,21,33.3,28,60,46.7,13,20,65.0,30,4,34,22,18,11,14,21,0,0,85,6,15,20,40,17
741666,מכבי אשדוד,96,29,42,69.0,8,27,29.6,37,69,53.6,14,20,70.0,37,14,51,21,18,5,14,30,2,2,127,19,30,18,50,8
741666,הפועל חיפה נווה שאנן שובל,76,18,41,43.9,11,30,36.7,29,71,40.8,7,14,50.0,20,9,29,18,21,6,10,20,2,2,75,12,18,9,32,16
741671,"מכבי פ""ת",60,20,49,40.8,3,19,15.8,23,68,33.8,11,19,57.9,23,15,38,15,19,4,18,12,2,3,46,7,31,6,32,5
741671,מכבי רחובות,97,34,52,65.4,7,20,35.0,41,72,56.9,8,15,53.3,34,10,44,19,15,12,9,23,3,2,126,15,31,25,64,28
741668,מ.ס צפת,74,20,36,55.6,7,27,25.9,27,63,42.9,13,18,72.2,24,6,30,23,16,10,13,22,2,1,76,10,15,10,30,14
741668,עירוני נהריה,89,25,49,51.0,8,23,34.8,33,72,45.8,15,20,75.0,33,17,50,16,23,10,13,23,1,2,121,10,21,12,42,13
741667,הפועל מגדל העמק/יזרעאל,85,22,46,47.8,10,26,38.5,32,72,44.4,11,17,64.7,26,12,38,25,20,10,17,23,4,5,87,15,37,11,42,11
741667,מ.כ עוטף דרום,92,19,35,54.3,10,22,45.5,29,57,50.9,24,31,77.4,29,4,33,20,25,6,16,21,5,4,107,6,24,10,34,16
741675,מכבי מעלה אדומים,94,24,38,63.2,8,20,40.0,32,58,55.2,22,34,64.7,30,16,46,16,23,10,24,13,1,2,107,23,28,10,46,14
741675,מכבי אשדוד,92,14,37,37.8,19,41,46.3,33,78,42.3,7,13,53.8,19,19,38,23,16,16,15,22,2,1,96,15,16,22,28,26
741677,אליצור שומרון,80,15,35,42.9,9,24,37.5,24,59,40.7,23,29,79.3,33,11,44,21,21,2,18,20,2,3,86,13,22,18,28,7
741677,"מכבי פ""ת",78,21,39,53.8,10,30,33.3,31,69,44.9,6,14,42.9,27,8,35,21,21,10,12,22,3,2,88,6,15,11,32,18
741676,הפועל אסטרל אילת,94,20,46,43.5,9,25,36.0,29,71,40.8,27,39,69.2,36,17,53,18,25,9,14,21,4,5,113,16,31,21,34,18
741676,אליצור יבנה,68,18,43,41.9,8,28,28.6,26,71,36.6,8,11,72.7,31,9,40,25,16,5,19,16,5,4,54,8,32,13,28,8
741679,"א.ס רמה""ש ירק השדה",92,18,38,47.4,14,32,43.8,32,70,45.7,14,20,70.0,21,10,31,24,22,7,12,26,2,4,96,10,32,22,36,26
741679,מכבי רחובות,102,32,44,72.7,8,20,40.0,40,64,62.5,14,25,56.0,28,8,36,22,24,4,15,28,4,2,124,12,35,24,52,13
741678,מכבי קרית גת,96,25,42,59.5,10,27,37.0,35,69,50.7,16,24,66.7,25,11,36,19,22,6,9,18,2,3,107,7,6,15,46,15
741678,מכבי גיא נתן חיפה,85,19,42,45.2,10,17,58.8,29,59,49.2,17,20,85.0,25,5,30,22,19,4,13,16,3,2,87,12,13,24,24,14
741673,מ.כ עוטף דרום,66,21,46,45.7,6,28,21.4,27,74,36.5,6,12,50.0,30,11,41,17,19,8,8,16,2,5,69,15,17,14,42,24
741673,מ.ס צפת,64,18,36,50.0,6,29,20.7,24,65,36.9,10,18,55.6,38,12,50,19,17,6,15,15,5,2,72,9,15,15,36,4
741672,עירוני נהריה,85,26,43,60.5,4,17,23.5,30,60,50.0,21,24,87.5,31,12,43,18,21,6,19,25,1,4,107,13,9,31,52,7
741672,א.ס. עירוני אשקלון,65,21,45,46.7,6,29,20.7,27,74,36.5,5,6,83.3,18,14,32,21,18,9,11,15,4,1,62,12,43,2,32,20
741680,אליצור יבנה,69,19,44,43.2,6,25,24.0,25,69,36.2,13,20,65.0,22,11,33,17,21,8,9,11,0,2,63,9,8,8,36,10
741680,"א.ס רמה""ש ירק השדה",92,22,34,64.7,11,26,42.3,33,60,55.0,15,19,78.9,36,6,42,21,17,7,14,16,2,0,110,8,19,5,38,11
741682,הפועל מגדל העמק/יזרעאל,76,21,34,61.8,7,30,23.3,28,64,43.8,13,21,61.9,24,9,33,18,19,9,16,19,0,4,74,11,8,12,36,19
741682,מכבי מעלה אדומים,83,19,36,52.8,10,25,40.0,29,61,47.5,15,16,93.8,30,7,37,19,18,8,20,26,4,0,104,7,25,17,28,17
741686,"מכבי פ""ת",76,15,37,40.5,12,34,35.3,27,71,38.0,10,14,71.4,28,9,37,21,21,5,8,17,2,0,81,7,16,9,22,18
741686,מכבי קרית גת,87,21,46,45.7,10,29,34.5,31,75,41.3,15,22,68.2,34,19,53,21,21,3,9,20,0,2,101,22,13,11,32,8
741681,מכבי אשדוד,97,17,35,48.6,15,31,48.4,32,66,48.5,18,25,72.0,15,14,29,18,19,10,14,27,2,2,109,19,29,19,34,18
741681,הפועל אסטרל אילת,108,30,45,66.7,13,26,50.0,43,71,60.6,9,11,81.8,20,13,33,19,18,7,15,34,2,2,136,21,20,22,54,20
741683,מ.ס צפת,89,28,47,59.6,8,23,34.8,36,70,51.4,9,17,52.9,19,12,31,18,17,7,11,24,0,2,95,14,29,10,48,24
741683,הפועל חיפה נווה שאנן שובל,105,25,37,67.6,13,26,50.0,38,63,60.3,16,20,80.0,26,8,34,17,18,7,14,25,2,0,131,6,20,22,34,15
741685,עירוני נהריה,95,28,49,57.1,8,20,40.0,36,69,52.2,15,23,65.2,33,10,43,25,22,4,10,23,1,1,111,12,15,16,50,8
741685,מכבי גיא נתן חיפה,89,24,46,52.2,7,26,26.9,31,72,43.1,20,29,69.0,22,12,34,22,25,4,7,25,1,1,98,17,18,11,38,10
741692,הפועל אסטרל אילת,87,23,49,46.9,5,26,19.2,28,75,37.3,26,35,74.3,19,20,39,19,25,14,10,9,4,3,90,24,27,17,44,28
741692,הפועל מגדל העמק/יזרעאל,81,20,38,52.6,9,21,42.9,29,59,49.2,14,18,77.8,28,9,37,25,19,7,21,17,3,4,80,8,5,11,36,21
741693,אליצור יבנה,72,21,48,43.8,4,24,16.7,25,72,34.7,18,20,90.0,22,13,35,22,21,5,10,18,7,3,74,5,18,11,24,11
741693,מכבי אשדוד,100,22,36,61.1,14,34,41.2,36,70,51.4,14,22,63.6,32,16,48,22,22,9,13,28,3,7,125,10,27,19,42,11
741695,"א.ס רמה""ש ירק השדה",82,22,41,53.7,9,32,28.1,31,73,42.5,11,15,73.3,24,15,39,22,19,4,14,21,2,4,81,10,20,6,36,10
741695,אליצור שומרון,91,18,34,52.9,12,25,48.0,30,59,50.8,19,26,73.1,30,9,39,19,22,9,15,17,4,2,110,10,10,17,30,18
741694,מכבי קרית גת,85,21,32,65.6,11,31,35.5,32,63,50.8,10,13,76.9,22,8,30,19,18,8,14,16,1,1,90,6,8,15,40,16
741694,מכבי רחובות,101,26,40,65.0,13,30,43.3,39,70,55.7,10,13,76.9,25,10,35,19,19,10,11,28,1,1,128,17,34,11,52,22
741690,א.ס. עירוני אשקלון,94,25,53,47.2,9,23,39.1,34,76,44.7,17,18,94.4,24,16,40,22,18,9,8,23,0,6,103,14,27,11,42,17
741690,הפועל חיפה נווה שאנן שובל,82,18,33,54.5,8,30,26.7,26,63,41.3,22,26,84.6,25,12,37,18,20,4,13,21,6,0,98,13,19,14,32,12
741688,"מכבי פ""ת",65,18,49,36.7,7,24,29.2,25,73,34.2,8,16,50.0,28,11,39,18,16,19,18,14,2,1,62,8,10,21,34,34
741688,עירוני נהריה,77,18,36,50.0,8,23,34.8,26,59,44.1,17,24,70.8,41,10,51,16,18,9,28,22,1,2,92,7,23,17,32,21
741689,מ.כ עוטף דרום,75,13,42,31.0,12,31,38.7,25,73,34.2,13,19,68.4,28,19,47,22,18,4,15,14,3,3,67,13,35,7,26,4
741689,מכבי גיא נתן חיפה,101,17,35,48.6,13,27,48.1,30,62,48.4,28,34,82.4,31,5,36,18,22,9,7,27,3,3,132,13,11,18,30,15
741691,מכבי מעלה אדומים,93,19,37,51.4,9,24,37.5,28,61,45.9,28,35,80.0,31,11,42,24,27,7,14,23,1,2,113,13,30,14,38,20
741691,מ.ס צפת,74,15,39,38.5,9,31,29.0,24,70,34.3,17,22,77.3,26,18,44,27,24,4,18,15,2,1,66,17,20,13,26,14
741684,מ.כ עוטף דרום,80,25,46,54.3,5,17,29.4,30,63,47.6,15,23,65.2,24,6,30,21,21,12,14,23,3,3,89,10,19,18,42,23
741684,א.ס. עירוני אשקלון,91,23,46,50.0,9,28,32.1,32,74,43.2,18,23,78.3,31,18,49,21,20,8,18,27,3,3,109,13,30,14,46,15
741612,מכבי רחובות,67,18,40,45.0,7,20,35.0,25,60,41.7,10,15,66.7,23,11,34,19,20,7,22,18,2,5,62,12,33,15,32,15
741612,הפועל אסטרל אילת,93,21,38,55.3,12,28,42.9,33,66,50.0,15,24,62.5,26,13,39,20,19,14,12,26,5,2,120,9,37,24,38,25
741613,אליצור שומרון,71,17,40,42.5,7,25,28.0,24,65,36.9,16,23,69.6,33,17,50,15,25,7,18,20,6,5,93,14,14,21,32,9
741613,מכבי מעלה אדומים,72,17,43,39.5,11,28,39.3,28,71,39.4,5,9,55.6,27,10,37,25,15,10,12,19,5,6,68,15,25,9,30,18
741702,מכבי רחובות,88,28,46,60.9,7,20,35.0,35,66,53.0,11,15,73.3,23,10,33,17,18,8,11,30,6,1,119,13,28,11,56,19
741702,עירוני נהריה,72,23,38,60.5,5,29,17.2,28,67,41.8,11,16,68.8,21,16,37,18,17,5,15,18,1,6,67,14,20,9,34,8
741697,הפועל מגדל העמק/יזרעאל,120,24,37,64.9,14,34,41.2,38,71,53.5,30,37,81.1,21,13,34,20,30,11,15,24,3,3,144,18,51,18,42,31
741697,אליצור יבנה,112,35,46,76.1,8,23,34.8,43,69,62.3,18,25,72.0,21,8,29,30,20,8,16,28,3,3,118,10,29,14,62,19
741696,מכבי אשדוד,87,21,41,51.2,11,39,28.2,32,80,40.0,12,18,66.7,30,11,41,21,16,7,6,17,0,3,84,13,11,12,34,5
741696,"א.ס רמה""ש ירק השדה",93,25,47,53.2,9,26,34.6,34,73,46.6,16,19,84.2,40,10,50,16,21,4,10,21,3,0,124,14,29,12,42,7
741701,"מכבי פ""ת",86,24,46,52.2,6,20,30.0,30,66,45.5,20,24,83.3,35,15,50,21,21,10,18,18,3,4,105,17,36,6,44,9
741701,מ.כ עוטף דרום,72,18,35,51.4,8,33,24.2,26,68,38.2,12,13,92.3,24,7,31,21,21,9,15,24,4,3,79,9,16,19,26,22
741698,מ.ס צפת,85,13,31,41.9,14,35,40.0,27,66,40.9,17,21,81.0,30,10,40,23,20,8,20,17,5,5,84,18,22,18,22,21
741698,הפועל אסטרל אילת,96,25,53,47.2,12,28,42.9,37,81,45.7,10,16,62.5,31,17,48,20,23,10,12,20,5,5,115,13,37,18,44,27
741700,מכבי גיא נתן חיפה,75,24,41,58.5,4,17,23.5,28,58,48.3,15,23,65.2,25,11,36,17,20,2,17,19,4,0,84,12,8,7,40,12
741700,הפועל חיפה נווה שאנן שובל,91,25,38,65.8,11,29,37.9,36,67,53.7,8,11,72.7,21,7,28,21,17,11,11,26,0,4,102,4,16,14,44,22
741699,א.ס. עירוני אשקלון,91,26,44,59.1,10,17,58.8,36,61,59.0,9,18,50.0,23,8,31,16,20,7,18,25,4,0,110,12,39,19,44,23
741699,מכבי מעלה אדומים,76,29,49,59.2,3,14,21.4,32,63,50.8,9,12,75.0,23,9,32,20,16,12,19,18,0,4,77,8,35,19,58,18
741703,אליצור שומרון,88,27,54,50.0,4,18,22.2,31,72,43.1,22,30,73.3,38,14,52,20,24,9,17,19,6,3,109,14,14,10,50,19
741703,מכבי קרית גת,79,23,54,42.6,7,26,26.9,30,80,37.5,12,19,63.2,32,14,46,24,20,11,14,15,3,6,73,9,13,12,38,19
741710,מכבי אשדוד,99,24,35,68.6,12,30,40.0,36,65,55.4,15,22,68.2,35,11,46,17,18,6,16,24,4,1,127,14,28,30,44,10
741710,הפועל מגדל העמק/יזרעאל,76,21,43,48.8,8,35,22.9,29,78,37.2,10,16,62.5,20,17,37,18,17,14,12,21,1,4,77,15,25,20,40,20
741705,מ.כ עוטף דרום,68,16,34,47.1,9,26,34.6,25,60,41.7,9,14,64.3,30,4,34,24,20,4,15,22,2,1,70,5,20,13,28,10
741705,מכבי רחובות,88,22,47,46.8,9,25,36.0,31,72,43.1,17,30,56.7,32,17,49,20,24,11,8,22,1,2,111,21,32,14,42,10
741708,הפועל אסטרל אילת,90,24,44,54.5,9,24,37.5,33,68,48.5,15,22,68.2,31,15,46,21,22,9,12,17,1,1,108,9,30,22,38,19
741708,א.ס. עירוני אשקלון,73,16,38,42.1,9,27,33.3,25,65,38.5,14,22,63.6,23,11,34,23,20,7,12,14,1,1,64,9,26,7,26,12
741704,עירוני נהריה,89,20,44,45.5,12,29,41.4,32,73,43.8,13,20,65.0,40,11,51,19,21,13,11,23,3,3,119,15,29,18,34,21
741704,אליצור שומרון,49,11,30,36.7,6,30,20.0,17,60,28.3,9,15,60.0,35,4,39,21,19,7,18,15,3,3,41,5,15,10,18,8
741709,אליצור יבנה,87,21,43,48.8,10,24,41.7,31,67,46.3,15,22,68.2,34,10,44,19,20,4,20,21,3,4,93,13,6,6,40,9
741709,מ.ס צפת,83,22,39,56.4,8,35,22.9,30,74,40.5,15,16,93.8,29,9,38,20,19,11,14,20,4,3,93,16,6,16,32,19
741707,מכבי מעלה אדומים,92,20,51,39.2,10,28,35.7,30,79,38.0,22,34,64.7,22,21,43,22,24,8,4,21,1,3,99,28,34,11,36,17
741707,מכבי גיא נתן חיפה,95,27,47,57.4,8,18,44.4,35,65,53.8,17,27,63.0,32,12,44,24,22,2,12,24,3,1,113,7,10,8,36,6
741711,"א.ס רמה""ש ירק השדה",98,25,47,53.2,10,28,35.7,35,75,46.7,18,21,85.7,31,17,48,24,23,4,15,23,3,3,114,20,28,21,48,13
741711,מכבי קרית גת,85,17,35,48.6,11,31,35.5,28,66,42.4,18,23,78.3,23,7,30,23,24,6,13,17,3,3,83,13,9,25,34,27
741706,הפועל חיפה נווה שאנן שובל,71,16,42,38.1,10,32,31.2,26,74,35.1,9,16,56.2,27,14,41,16,20,9,10,16,6,2,80,8,16,12,28,12
741706,"מכבי פ""ת",79,20,46,43.5,10,29,34.5,30,75,40.0,9,13,69.2,37,17,54,21,16,2,13,19,2,6,82,16,8,9,32,11
741718,אליצור שומרון,84,16,35,45.7,11,28,39.3,27,63,42.9,19,24,79.2,31,8,39,19,25,3,13,22,5,4,101,9,6,15,28,8
741718,מ.כ עוטף דרום,96,24,44,54.5,11,27,40.7,35,71,49.3,15,23,65.2,31,9,40,26,19,9,6,25,4,5,111,14,28,11,42,19
741715,מכבי גיא נתן חיפה,91,19,42,45.2,11,23,47.8,30,65,46.2,20,25,80.0,21,10,31,18,21,4,12,28,2,4,103,11,19,12,24,12
741715,הפועל אסטרל אילת,104,29,50,58.0,9,18,50.0,38,68,55.9,19,25,76.0,27,11,38,22,18,7,8,21,4,2,123,14,21,20,52,19
741719,מכבי קרית גת,89,18,36,50.0,14,33,42.4,32,69,46.4,11,16,68.8,18,10,28,20,17,6,11,21,3,1,90,14,18,13,32,21
741719,עירוני נהריה,102,29,43,67.4,10,29,34.5,39,72,54.2,14,16,87.5,30,14,44,17,20,5,14,30,1,3,133,10,20,16,54,15
741712,הפועל מגדל העמק/יזרעאל,89,26,43,60.5,8,30,26.7,34,73,46.6,13,14,92.9,31,15,46,24,18,11,19,22,1,1,103,10,43,15,38,15
741712,"א.ס רמה""ש ירק השדה",76,19,36,52.8,6,30,20.0,25,66,37.9,20,25,80.0,23,11,34,18,24,8,18,15,1,1,75,9,17,20,34,18
741716,"מכבי פ""ת",96,24,43,55.8,10,22,45.5,34,65,52.3,18,28,64.3,33,11,44,22,25,14,17,31,5,1,134,10,29,19,38,22
741716,מכבי מעלה אדומים,60,10,30,33.3,8,29,27.6,18,59,30.5,16,24,66.7,23,10,33,25,22,5,24,13,1,5,31,5,28,6,20,13
741713,מ.ס צפת,73,17,37,45.9,7,34,20.6,24,71,33.8,18,20,90.0,30,14,44,20,23,5,12,13,4,1,79,9,17,13,28,7
741713,מכבי אשדוד,86,19,51,37.3,11,30,36.7,30,81,37.0,15,21,71.4,31,24,55,23,19,4,10,15,1,4,86,26,12,12,36,12
741714,א.ס. עירוני אשקלון,78,26,44,59.1,5,32,15.6,31,76,40.8,11,18,61.1,30,13,43,22,18,7,10,20,5,4,83,15,26,11,50,16
741714,אליצור יבנה,85,22,45,48.9,8,23,34.8,30,68,44.1,17,24,70.8,36,11,47,18,22,4,11,13,4,5,96,15,7,19,42,4
741717,מכבי רחובות,84,21,40,52.5,8,28,28.6,29,68,42.6,18,25,72.0,23,18,41,26,23,7,17,25,1,3,89,19,33,10,38,9
741717,הפועל חיפה נווה שאנן שובל,90,20,32,62.5,8,26,30.8,28,58,48.3,26,34,76.5,25,8,33,23,26,8,14,22,3,1,106,14,7,14,34,15
